{
  "training_summary": {
    "model_type": "COVID Revolutionary Multi-Horizon Transformer v3.0",
    "data_source": "Pure CSV Multi-Horizon Pipeline",
    "training_date": "2025-06-30T03:53:43.151338",
    "dataset_size": 49068,
    "countries_count": 187,
    "features_count": 50,
    "epochs_completed": 17
  },
  "multihorizon_capabilities": {
    "prediction_horizons": [
      1,
      7,
      14,
      30,
      90,
      180,
      365,
      730,
      1825
    ],
    "horizon_categories": {
      "short_term": [
        1,
        7,
        14,
        30
      ],
      "medium_term": [
        90,
        180
      ],
      "long_term": [
        365,
        730,
        1825
      ]
    },
    "adaptive_features": [
      "Vaccination timeline awareness",
      "Demographic profile integration",
      "Epidemic phase detection",
      "Horizon-specific logic"
    ]
  },
  "data_sources": {
    "covid_timeseries": "covid_19_clean_complete_clean.csv",
    "vaccination_data": "cumulative-covid-vaccinations_clean.csv",
    "demographics": "consolidated_demographics_data.csv",
    "enrichment_pipeline": "Multi-horizon feature engineering"
  },
  "model_architecture": {
    "d_model": 128,
    "n_heads": 8,
    "n_layers": 4,
    "d_ff": 1024,
    "dropout": 0.1
  },
  "training_config": {
    "epochs": 20,
    "batch_size": 16,
    "learning_rate": 0.0001,
    "sequence_length": 30,
    "val_split": 0.2,
    "model_config": {
      "d_model": 128,
      "n_heads": 8,
      "n_layers": 4,
      "d_ff": 1024,
      "dropout": 0.1
    }
  },
  "performance_by_horizon": {
    "1": [
      -0.011571724725937038,
      -0.012711293055059913,
      -0.019621562301652906,
      -0.015716354085316464,
      -0.014389203452962906,
      -0.013909551641669182,
      -0.01452636698718579,
      -0.013790633129676433,
      -0.016122393308706684,
      -0.013822599430806992,
      -0.014563399548471079,
      -0.013300433470357031,
      -0.013980299893503245,
      -0.01468958726509717,
      -0.014684177830065481,
      -0.014316165238266843,
      -0.014285098689554632
    ],
    "7": [
      -0.012277043189645731,
      -0.013410744559268606,
      -0.01088118882278688,
      -0.01571031348229912,
      -0.014715866458445026,
      -0.014175371845233542,
      -0.014484598120667158,
      -0.013700247742152394,
      -0.016206983341701564,
      -0.013904540794112075,
      -0.014594703452933233,
      -0.013271185883382275,
      -0.013990970923852153,
      -0.014750233757831577,
      -0.014708294862410654,
      -0.01430752602186458,
      -0.014277617699574252
    ],
    "14": [
      -0.013551858969999886,
      -0.01385181410568248,
      -0.012149432187699372,
      -0.016458887913424203,
      -0.015269521151310306,
      -0.01471647112523522,
      -0.015343644828095693,
      -0.014490866131677382,
      -0.01701156877556076,
      -0.014669464827539835,
      -0.015508985731660818,
      -0.014168762553659064,
      -0.014871164209125043,
      -0.015563287896800171,
      -0.015568488637312194,
      -0.015188302099806927,
      -0.015172142325059257
    ],
    "30": [
      -0.011887047996973044,
      -0.013232407490599618,
      -0.011136082751710852,
      -0.015500095604612296,
      -0.014239966314113062,
      -0.013741815848508754,
      -0.0142849391074642,
      -0.013491998375609437,
      -0.015632062462442864,
      -0.013594159750550672,
      -0.014437371526468068,
      -0.013097276618319942,
      -0.013837431597588656,
      -0.014665222691276458,
      -0.01461120330645671,
      -0.014160153329121572,
      -0.014128649224884215
    ],
    "90": [
      -0.012794587871570284,
      -0.015648806146441485,
      -0.014797127251773068,
      -0.014615843099671455,
      -0.01647840163700831,
      -0.014114623276963556,
      -0.014286468323464252,
      -0.014565283072969004,
      -0.015292247814495896,
      -0.014550159519244099,
      -0.014073799316624003,
      -0.01291917615200533,
      -0.013363059679482037,
      -0.014547644919179925,
      -0.014329427434960573,
      -0.014361939226462672,
      -0.014130591469825537
    ],
    "180": [
      -0.011757057355038736,
      -0.014529789947649308,
      -0.01427972320277604,
      -0.013982012365992613,
      -0.015977935382265995,
      -0.013928663415408993,
      -0.013809491103544458,
      -0.01420595262781843,
      -0.015247845480782285,
      -0.014334839936569699,
      -0.013909551835245004,
      -0.012554591449263075,
      -0.013002829060330345,
      -0.014331349656295567,
      -0.014150218571774342,
      -0.014197928025500683,
      -0.013998004885876547
    ],
    "365": [
      -0.011555850864405581,
      -0.013468107362469617,
      -0.016953525137051173,
      -0.0159313486509145,
      -0.012278237422299387,
      -0.01490032324213697,
      -0.0125079303139779,
      -0.013665486476251543,
      -0.01395594142905332,
      -0.01279749129632446,
      -0.012452659065287808,
      -0.011733165162744141,
      -0.011983685374984843,
      -0.012217932931237296,
      -0.012290300654935749,
      -0.012586816354207553,
      -0.012252514126026126
    ],
    "730": [
      -0.04419466031606323,
      -0.04147732551332939,
      -0.03934878015517973,
      -0.04178949758852779,
      -0.0419602664227845,
      -0.041858613838143155,
      -0.04218578297303166,
      -0.04237542394416893,
      -0.04363499299875606,
      -0.04076754760704926,
      -0.04346329220892642,
      -0.042090837688304905,
      -0.04253441993350515,
      -0.043792242949946214,
      -0.04354663003316106,
      -0.04364412955241925,
      -0.04348565694332307
    ],
    "1825": [
      -0.04416089574502591,
      -0.041056520456028256,
      -0.03456822972872198,
      -0.03830318481468353,
      -0.03878178757583339,
      -0.040065444678731854,
      -0.03944027995715338,
      -0.03852731128475706,
      -0.03900936204380079,
      -0.037026581039494966,
      -0.03917727392837711,
      -0.03801692027026604,
      -0.03790287662865732,
      -0.03882657085084129,
      -0.038942906828791646,
      -0.039414438626393045,
      -0.03906666267022341
    ]
  }
}