{
  "confirmed": {
    "MAE": 13146.9716796875,
    "MSE": 837126592.0,
    "RMSE": 28933.140625,
    "R2": 0.9718907887597287
  },
  "deaths": {
    "MAE": 591.9234008789062,
    "MSE": 3566871.75,
    "RMSE": 1888.6163330078125,
    "R2": 0.9501656123269017
  },
  "recovered": {
    "MAE": 7657.05712890625,
    "MSE": 676547968.0,
    "RMSE": 26010.53515625,
    "R2": 0.8773141086542481
  },
  "active": {
    "MAE": 5569.2236328125,
    "MSE": 285507072.0,
    "RMSE": 16896.955078125,
    "R2": 0.9731884927824926
  }
}