{
  "confirmed": {
    "MAE": 5479.81396484375,
    "MSE": 2352609792.0,
    "RMSE": 48503.7109375,
    "R2": 0.9940485635781947
  },
  "deaths": {
    "MAE": 309.230712890625,
    "MSE": 6048866.0,
    "RMSE": 2459.4443359375,
    "R2": 0.9938804283095308
  },
  "recovered": {
    "MAE": 5377.2666015625,
    "MSE": 2146727168.0,
    "RMSE": 46332.7890625,
    "R2": 0.9938130898244717
  },
  "active": {
    "MAE": 776.862548828125,
    "MSE": 7507975.5,
    "RMSE": 2740.068603515625,
    "R2": 0.9986160971304693
  }
}