{
  "confirmed": {
    "MAE": 1141.52490234375,
    "MSE": 17839204.0,
    "RMSE": 4223.64794921875,
    "R2": 0.9994009914578341
  },
  "deaths": {
    "MAE": 89.46438598632812,
    "MSE": 77561.3828125,
    "RMSE": 278.4984436035156,
    "R2": 0.9989163546820478
  },
  "recovered": {
    "MAE": 705.3421020507812,
    "MSE": 7938927.5,
    "RMSE": 2817.6103515625,
    "R2": 0.9985603468840935
  },
  "active": {
    "MAE": 879.2274780273438,
    "MSE": 12052752.0,
    "RMSE": 3471.707275390625,
    "R2": 0.9988681458109286
  }
}