{
  "confirmed": {
    "MAE": 971.1473999023438,
    "MSE": 10390869.0,
    "RMSE": 3223.487060546875,
    "R2": 0.9996510932174347
  },
  "deaths": {
    "MAE": 56.104515075683594,
    "MSE": 22818.220703125,
    "RMSE": 151.0570068359375,
    "R2": 0.999681196286495
  },
  "recovered": {
    "MAE": 550.7227783203125,
    "MSE": 5649949.0,
    "RMSE": 2376.962158203125,
    "R2": 0.9989754326469227
  },
  "active": {
    "MAE": 707.017822265625,
    "MSE": 6801583.5,
    "RMSE": 2607.984619140625,
    "R2": 0.9993612744454529
  }
}